"miRNA_reject","adj_pvalues","mu_hat","sd","statistic","regulate"
"hsa-miR-373*",2.35174989943856e-09,-0.241140387980355,0.395664261070009,-5.97143553305788,"Down"
"hsa-miR-3665",1.0491762380485e-05,-0.334155611422312,0.742955488552727,-4.40678213047109,"Down"
"hsa-miR-3926",1.04433049222782e-07,-0.221514026401485,0.408056428917636,-5.31883628930703,"Down"
"hsa-miR-25",4.54732502802955e-05,0.307257940998957,0.738274609984928,4.07775190795733,"Up"
"hsa-miR-4270",4.75613857423003e-06,0.401952295934078,0.860783079534412,4.57526663517233,"Up"
"hsa-miR-370",2.01653570481589e-05,0.111454419576514,0.256160570152708,4.26305199707782,"Up"
"hsa-miR-3911",4.70723546871281e-09,-0.247631505646683,0.414239140929597,-5.8572044323025,"Down"
"hsa-miR-221*",1.35821296923446e-05,0.18334488655789,0.412918416524145,4.35050994136549,"Up"
"hsa-miR-3170",1.26994123517344e-06,-0.145433939101301,0.294144874519953,-4.84440114977458,"Down"
"hsa-miR-324-5p",3.60066845909189e-05,0.294884849318407,0.699290663994719,4.13171489853069,"Up"
"hsa-miR-490-3p",8.22803814341689e-05,-0.0967629960792549,0.240772460336481,-3.9376590835325,"Down"
"hsa-miR-135a",1.10585313520214e-05,0.397979563679411,0.887158379206082,4.39536787080761,"Up"
"hsa-miR-223",4.10137988798027e-06,-0.642498502226129,1.36668066361553,-4.60617767662862,"Down"
"hsa-miR-1224-5p",6.52964166980771e-05,-0.169631772061532,0.416260091269102,-3.9928044453941,"Down"
"hsa-miR-3147",4.84184265381556e-06,-0.0849520239257656,0.182074075794196,-4.57152640379277,"Down"
"hsa-miR-379",9.58660923319382e-07,0.225622922649071,0.45115742066109,4.89993966146749,"Up"
"hsa-miR-103a",1.0783801097185e-11,0.434320454225705,0.626204213504102,6.79563295656315,"Up"
"kshv-miR-K12-2*",9.12656028902629e-06,-0.0619714946858985,0.136851132168025,-4.43689542565636,"Down"
"hsa-miR-4298",6.28043872042922e-05,-0.242975511993381,0.594865840521128,-4.00201849784407,"Down"
"hsa-miR-126",5.67337373918516e-07,-0.359116638940391,0.70343832408452,-5.00201648633272,"Down"
"hsa-miR-30e",5.59395455494708e-10,0.421956674891009,0.666667216106682,6.20146617126603,"Up"
"hsa-miR-100",3.85758575138558e-07,0.697659471359901,1.34669718885064,5.07585441834957,"Up"
"hsa-miR-196a",2.62145257895257e-06,-0.632836420724598,1.31969207970719,-4.69844851010537,"Down"
"hsa-miR-598",3.97897562647763e-06,0.102099216544919,0.21688212621679,4.61247753395767,"Up"
"hsa-miR-365",1.22671106534524e-08,0.380971612545458,0.655330524230903,5.69597186590296,"Up"
"hsa-miR-409-3p",1.29296308532249e-08,0.223339150346468,0.384784738361924,5.68699226756772,"Up"
"hsa-miR-660",2.49185734655943e-05,-0.369937337879654,0.859826825228672,-4.21553591035141,"Down"
"hsa-miR-186",5.84978072347387e-05,0.226119112433877,0.551286792730503,4.01878988473994,"Up"
"hsa-miR-3130-3p",7.21651740391783e-07,-0.0804498591364324,0.159066344545866,-4.95544435438311,"Down"
"hsa-miR-135a",1.72708036165447e-05,0.331526003153319,0.755846831968379,4.29753494937678,"Up"
"hsa-miR-3188",2.64217404529979e-16,-0.41360843810509,0.494895815821403,-8.18862956022733,"Down"
"hsa-miR-223",5.58137827352169e-06,-0.719656679794972,1.55255373452681,-4.5416570551626,"Down"
"hsa-miR-4294",8.40449491288546e-07,-0.0901162620205488,0.17925363470025,-4.9257324091959,"Down"
"hsa-miR-1273e",3.65078321634197e-05,-0.0606570174046122,0.143952914462541,-4.128537237753,"Down"
"hsa-let-7e",2.64114761373896e-14,0.534199895602228,0.687355359623659,7.6147928232636,"Up"
"hsa-miR-125a-5p",8.24094561374359e-09,0.383268498725599,0.65156218325322,5.76345454349615,"Up"
"hsa-miR-1183",1.53452280347335e-06,-0.195242576388213,0.397982836140857,-4.80668656824412,"Down"
"hsa-miR-708",8.24382727884343e-05,0.155161805056027,0.386129590321803,3.93719890402297,"Up"
"hsa-miR-135a*",1.27035521510895e-05,0.237894862323636,0.533975709807143,4.36515005772846,"Up"
"hsa-miR-135b",4.17600420629549e-05,0.789992800459328,1.8890249187842,4.09751982063449,"Up"
"hsa-miR-224*",9.55477529593883e-06,0.135947721549586,0.300882497038491,4.42701124549435,"Up"
"hsa-miR-215",1.15528477613686e-05,-0.290384434851938,0.648715384919288,-4.38585987734642,"Down"
"hsa-miR-522",2.87823560605401e-05,0.178010867795786,0.416970600092485,4.18289245978491,"Up"
"hsa-miR-3198",1.44778194333797e-05,0.291321780309312,0.658219212861891,4.33648668269257,"Up"
"hsa-miR-154",1.61666663837745e-06,0.230582124086361,0.471042176742727,4.79624607481537,"Up"
"hsa-miR-301b",2.62738418652666e-05,0.384861445390796,0.897060615620141,4.20356950896016,"Up"
"hsa-miR-3154",5.01294537344096e-06,-0.112815467384363,0.242178337022669,-4.56424523485636,"Down"
"hsa-miR-582-5p",2.98441836687599e-06,0.283272370234005,0.594083227816507,4.67188927620349,"Up"
"hsa-miR-146a",4.26109709603247e-06,-0.69415406603163,1.47911334803438,-4.5982230284523,"Down"
"hsa-miR-377",2.55613731579127e-06,0.388550621129989,0.809380685941888,4.70360006133516,"Up"
"hsa-miR-193a-5p",4.32351275846677e-05,0.119191418093302,0.285570328266577,4.08947467083883,"Up"
"hsa-let-7d",1.04121296447962e-07,0.367420163843492,0.676764490481746,5.31938028832275,"Up"
"hsa-miR-96",1.39531483655944e-05,-0.60461230279348,1.36352493261141,-4.34459715002575,"Down"
"hsa-miR-34c-3p",1.73597224166857e-05,-0.288713253713637,0.658412423951358,-4.29639616660306,"Down"
"hsa-miR-1",3.06119192066434e-05,-0.260013944657062,0.61110289959303,-4.16886577263644,"Down"
"hsa-miR-145*",3.44841060440937e-08,-0.385909123041767,0.685358658690672,-5.51699713165162,"Down"
"hsa-miR-145",5.31354975126726e-07,-0.643537698462937,1.25739195578514,-5.01463043159034,"Down"
"hsa-miR-221*",2.81718948857387e-08,0.341114051659517,0.601938073932619,5.55243409143599,"Up"
"hsa-miR-582-5p",4.03569979233944e-06,0.303154363383636,0.644380357491187,4.60953531531777,"Up"
"hsa-miR-362-3p",2.03358805026897e-06,-0.403986016744903,0.833303261485135,-4.75005751198359,"Down"
"hsa-miR-192",2.27935469458793e-06,-0.403860000771431,0.837118486543481,-4.72693385852563,"Down"
"hsa-miR-365",1.54347404072548e-09,0.3791119072131,0.61501207705346,6.03975604859372,"Up"
"hsa-miR-141*",6.25293142145171e-06,0.144578410452065,0.313564107928065,4.51765140813212,"Up"
"hsa-miR-376a",1.04278190198607e-05,0.280358612490241,0.62315692243349,4.40810666381751,"Up"
"hsa-miR-522",4.38340788627195e-06,0.251193751899591,0.535934965885363,4.59232226218197,"Up"
"hsa-let-7g",3.44712733144689e-13,-0.570809899379159,0.768695420881998,-7.27566708803373,"Down"
"hsa-miR-376a",5.91146520447945e-07,0.455774097659802,0.894188593807417,4.99408730988303,"Up"
"hsa-miR-455-3p",1.05354848124254e-07,-0.355891732906461,0.655794098797008,-5.31723692478999,"Down"
"hsa-miR-27a",3.33015857443464e-07,0.435870919719656,0.836768763246992,5.10373424021145,"Up"
"hsa-miR-3149",7.67855706447354e-05,-0.319370189666141,0.791351537805086,-3.95421739323448,"Down"
"hsa-miR-3188",9.51185887912596e-15,-0.392030374198793,0.495905925673783,-7.74561730961113,"Down"
"hsa-miR-23a",1.65584393744675e-05,0.356382154989519,0.81075620260405,4.30686527147849,"Up"
"hsa-miR-4328",4.34543230670768e-07,-0.237521649669046,0.460548265716897,-5.05316717367391,"Down"
"hsa-miR-34a*",1.76640232365293e-05,-0.0647173013192139,0.147720783813478,-4.29254060720895,"Down"
"hsa-miR-376c",3.00126764348004e-06,0.374394837144634,0.785381055608837,4.67073305009035,"Up"
"hsa-miR-135b",2.30235201375638e-05,0.781640359256369,1.80908244627055,4.2333505506968,"Up"
"hsa-miR-145",2.58532841938669e-07,-0.755920739352057,1.43775739836268,-5.15141177366521,"Down"
"hsv1-miR-H18",6.56032296047333e-05,0.227137972559492,0.557529966063974,3.99169313110751,"Up"
"hsa-miR-361-5p",1.29683201223889e-09,0.393207428236116,0.634931489963211,6.06778890305993,"Up"
"hsa-miR-30c",8.44850136309211e-07,0.389578044591733,0.77508497477646,4.9247112525498,"Up"
"hsa-miR-30e",1.1614501073712e-09,0.431436573240767,0.694637060625046,6.08547698197304,"Up"
"hsa-let-7d",2.01434909837839e-08,0.397960846037892,0.694950598340705,5.61076434915869,"Up"
"hsa-miR-4259",1.38366787600458e-07,-0.130955215824048,0.243591327359696,-5.26740358783457,"Down"
"hsa-miR-4270",3.71880025108543e-06,0.418853494025093,0.887042261987743,4.62650938431855,"Up"
"hsa-miR-188-5p",3.41135839526149e-06,0.341675637101394,0.720815231227114,4.64435784473635,"Up"
"hsa-miR-17*",1.83041835507238e-05,0.151859567613367,0.347267579160022,4.2846320881688,"Up"
"hsa-miR-150*",3.93950589740883e-07,-0.225331215724926,0.435301237775826,-5.0718578653003,"Down"
"hsa-miR-3200-5p",1.97580731784597e-06,0.0506461297438622,0.104339969099272,4.75588315351044,"Up"
"hsa-miR-188-5p",2.11308415754214e-05,0.290935967954179,0.670315256401869,4.25259405931355,"Up"
"hsa-miR-3926",1.64373888594335e-08,-0.241044020935104,0.418314761198498,-5.64584290688781,"Down"
"hsa-miR-3190",9.85043533098179e-07,-0.112952433952734,0.226106857598489,-4.89460304438756,"Down"
"hsa-let-7a",6.03228768291128e-09,-0.347609652810648,0.585616747347996,-5.81586017072103,"Down"
"hsa-miR-126",4.54420941189774e-08,-0.41786621556611,0.748724507356269,-5.46828105039049,"Down"
"hsa-miR-192",1.53164359972013e-06,-0.543294168972335,1.10736532450923,-4.80706218537748,"Down"
"hsa-miR-126*",1.68787656279989e-06,-0.124090355105361,0.253954426659529,-4.78759998015572,"Down"
"hsa-miR-373*",1.67321191086397e-05,-0.0536941504749081,0.122217743202187,-4.3045557016435,"Down"
"hsa-miR-19b-1*",1.02268487506821e-05,0.171527810013125,0.380893086957812,4.41232068121781,"Up"
"hsa-miR-146a",6.5421855700588e-06,-0.465938555765423,1.01268457839423,-4.50806396172966,"Down"
"hsa-miR-107",4.07610708464844e-07,0.315953928174017,0.611150703055415,5.06536867181928,"Up"
"hsa-miR-3121-3p",2.75183113031759e-05,-0.0825542757346448,0.192904008507064,-4.1930876024798,"Down"
"hsa-miR-29a",3.59606876027519e-23,0.875376817458224,0.865076264941579,9.91462428149688,"Up"
"hsa-miR-30c",5.09823982797147e-06,0.385990998482978,0.82924126235648,4.56070402914535,"Up"
"hsa-miR-23a*",1.46492118240621e-06,0.151598201972202,0.308422874538206,4.81596238685315,"Up"
"hsa-miR-150*",3.68833870371273e-08,-0.266151582478866,0.473690583225609,-5.50515964972849,"Down"
"hsa-miR-4291",3.61506259122588e-07,0.221831417929034,0.427165098783449,5.08818519482727,"Up"
"hsa-miR-3198",1.13977630187401e-07,0.368659071554704,0.681156866503416,5.30289957432406,"Up"
"hsa-miR-106b",6.59908355689439e-05,0.328558836689627,0.806758659434144,3.99029618565977,"Up"
"hsa-miR-151-5p",1.6353210423481e-07,0.293602462417457,0.549342428692046,5.2366333462337,"Up"
"hsa-miR-3200-3p",1.64159035306931e-05,0.158354770245646,0.360091315601347,4.30877800859739,"Up"
"hsa-miR-431",4.01008601501002e-06,0.175273126311184,0.372450973970264,4.61085893274171,"Up"
"hsa-miR-484",1.02597784384246e-05,0.167323796377176,0.371616300512486,4.41162481176644,"Up"
"hsa-miR-3665",1.92032337401456e-06,-0.346867060003497,0.713744417037617,-4.76163335393567,"Down"
"hsa-miR-4317",5.14643527516545e-05,0.0884985229613246,0.214159446816723,4.0488753116876,"Up"
"hsa-miR-376c",1.7519157717276e-07,0.502199383835991,0.941925980119626,5.22390194347146,"Up"
"hsa-miR-645",3.22168506008852e-06,0.0938456568851062,0.197479632805906,4.65615558786765,"Up"
"hsa-let-7a",2.5963450604919e-09,-0.369652992481894,0.608174217341921,-5.95527523301403,"Down"
"hsa-miR-574-5p",2.41468685152674e-05,-0.277143846864023,0.643069468088084,-4.22262939764329,"Down"
"hsa-miR-107",1.74551686283558e-06,0.300205968008771,0.615246871185222,4.78085447516822,"Up"
"hsa-miR-744",1.70481780699837e-05,-0.128220878320747,0.292135556882743,-4.3004108039253,"Down"
"hsa-miR-1183",3.6035205328354e-06,-0.177452062013468,0.37527664849519,-4.63303013902592,"Down"
"hsa-miR-711",2.04575387493244e-06,-0.0993580172124029,0.204998163830812,-4.74885119899742,"Down"
"hsa-miR-513c",2.65012167441219e-05,0.389153046288597,0.907484717107702,4.20161960763298,"Up"
"hsa-miR-126*",1.41743700989232e-07,-0.274130489037983,0.510342504313709,-5.26297390796919,"Down"
"hsa-miR-132",1.05018580804852e-09,-0.282801498471009,0.454123851255626,-6.10158984455998,"Down"
"hsa-miR-1276",1.9147413789049e-05,-0.047235348005629,0.108269585159508,-4.27460769397512,"Down"
"hsa-miR-23b*",7.78186756867834e-06,0.0891899191939212,0.195450643383808,4.47109896274242,"Up"
"hsa-miR-22*",2.00217823802437e-05,0.190634026402616,0.437978581400636,4.26464774423772,"Up"
"hsa-miR-4294",8.40186541810367e-08,-0.0853981166814814,0.156155982154475,-5.35827851045398,"Down"
"hsa-miR-4298",9.3825952963283e-06,-0.284262273879511,0.628578604256796,-4.43093366151944,"Down"
"hsa-miR-361-5p",7.03460776272253e-09,0.297352081775622,0.503177035943109,5.79009630627867,"Up"
"hsa-miR-103a",1.48067411881168e-09,0.410671294755169,0.665470988691677,6.0464551648507,"Up"
"hsa-miR-125a-3p",5.70334249169657e-09,0.220467423044213,0.370823150986269,5.82523167637542,"Up"
"hsa-miR-874",2.71410376942474e-05,-0.172635352454212,0.403095014732042,-4.19621686821858,"Down"
"hsa-miR-100",7.45467125299334e-08,0.731175356197824,1.33163977341812,5.37985293300505,"Up"
"hsa-miR-23a",5.73657478307397e-05,0.336189592971588,0.818705047668675,4.0233926098749,"Up"
"hsv1-miR-H16",1.53506865011716e-05,0.115549740690223,0.261854214215187,4.32359517986388,"Up"
"hsa-miR-152",2.01594097422648e-12,0.484833539698421,0.675405188489164,7.03337672075106,"Up"
"hsa-miR-431",2.0614145453692e-05,0.0820103046868948,0.188705621053749,4.258132831684,"Up"
"hsa-miR-182",6.88427296826163e-05,-0.28618074888362,0.704475093439519,-3.98025034809904,"Down"
"hsa-miR-25",2.5702869496039e-06,0.275509901748358,0.574045714978848,4.7024734146316,"Up"
"hsa-miR-23b*",1.78634753019082e-07,0.22933176504616,0.430431923924403,5.22029872741121,"Up"
"hsa-miR-1285",3.0152047977261e-05,-0.0706514397244554,0.165912669253208,-4.17231493404042,"Down"
"hsa-miR-21",5.20248015797399e-05,0.443247240717898,1.07329561720919,4.04633933930923,"Up"
"hsa-miR-324-5p",9.8096698163564e-06,0.26007782493469,0.5763500411716,4.42132675627384,"Up"
"hsa-miR-3065-5p",9.9890817813208e-06,0.114414404703029,0.25377489066043,4.41740961869578,"Up"
"hsa-miR-575",2.36260088779465e-08,0.307413711109106,0.539489436076907,5.58310640985616,"Up"
"hsa-miR-551b",9.85984365339177e-07,0.128615193626643,0.257470262853404,4.89441528606989,"Up"
"hsa-miR-140-3p",7.35576544155532e-07,-0.387743430437178,0.767226067039608,-4.95172724958209,"Down"
"hsa-miR-3137",9.5454968744159e-06,0.0873808681503105,0.19338410767683,4.42722088843744,"Up"
"hsa-miR-17*",1.39303846609659e-07,0.351927279996773,0.654778135986226,5.26616400383786,"Up"
"hsa-miR-30c-1*",3.94483790075776e-07,0.13175283099559,0.254536773129825,5.07160052573998,"Up"
"hsa-miR-136",4.48809444525631e-05,0.197303621805286,0.473723963533016,4.08080008637634,"Up"
"hsa-miR-331-3p",4.5572066870608e-05,-0.261546108760604,0.628516746542406,-4.0772470372401,"Down"
"hsa-let-7e",7.18398663468559e-12,0.48389552757478,0.691745755380032,6.85394668289304,"Up"
"hsa-miR-136",1.11278252944777e-07,0.375658884579517,0.693518356166054,5.30727169010981,"Up"
"hsv1-miR-H16",1.00294809904833e-05,0.143541577414493,0.318442828468319,4.41653684877629,"Up"
"hsa-miR-652",1.1491722383979e-09,0.267175022682366,0.430046457289086,6.08717934070447,"Up"
"hsa-miR-598",3.25051261442592e-07,0.329456251733723,0.631911176855116,5.10831103405266,"Up"
"hsa-miR-632",1.38995896358272e-07,-0.0674465801876993,0.125478017933899,-5.26657048225305,"Down"
"hsa-miR-3190",7.16534427187829e-06,-0.0946787615739952,0.206664541543076,-4.48871690524765,"Down"
"hsa-miR-1276",2.84004826059211e-05,-0.0505006236306434,0.118206327478645,-4.18592683576138,"Down"
"hsa-miR-140-3p",6.83477695397715e-06,-0.265474852564022,0.578182868590058,-4.49876994735731,"Down"
"hsa-miR-708*",3.89768673543458e-10,0.111376608946394,0.174376971023399,6.25807088170045,"Up"
"hsa-miR-29a*",5.26560120903348e-08,0.148178484679361,0.266780587194888,5.44210029882122,"Up"
"hsa-miR-575",8.4631303952801e-09,0.312455575487819,0.531593258485067,5.75896488540084,"Up"
"hsa-miR-125a-5p",3.2329239219353e-08,0.297268615572256,0.526854472150615,5.52833059742869,"Up"
"hsa-miR-24",1.25946702974281e-07,0.38449818294013,0.712875754855427,5.28464798425708,"Up"
"hsa-miR-592",1.35576249660216e-06,-0.148995237123595,0.302158627615445,-4.83140008859556,"Down"
"hsa-miR-383",6.9436410325645e-05,-0.104840891382065,0.258213388919239,-3.97820870775893,"Down"
"hsa-miR-449b*",7.00837883427288e-07,-0.381876386780575,0.754184666178388,-4.96113132169605,"Down"
"hsa-miR-521",8.02512378657564e-06,0.195113997151056,0.428203282953005,4.4645125688809,"Up"
"hsa-miR-141*",1.33812056415421e-05,0.201151017534678,0.452680416666994,4.35377662527912,"Up"
"hsa-miR-30b*",4.69215243266224e-05,0.103117275754605,0.248212788202955,4.07045440476049,"Up"
"hsa-miR-3154",1.85114449792899e-08,-0.158933451080054,0.276821681586165,-5.62536656774911,"Down"
"hsa-miR-1273e",4.68654786017512e-05,-0.164637147719335,0.396269687699701,-4.07073280785685,"Down"
"hsa-miR-96",1.17011632532321e-05,-0.565121197137241,1.26327395532382,-4.38308276675328,"Down"
"hsa-miR-4259",9.24131161689535e-10,-0.127014707179606,0.203281064043526,-6.12199122201442,"Down"
"hsa-miR-513c",7.52360959847073e-05,0.387645667020912,0.959345957993054,3.95908932451641,"Up"
"hsa-miR-218-2*",5.06172980790228e-10,-0.118768820058265,0.187173647300301,-6.2171787683001,"Down"
"hsa-miR-195*",5.78478207109677e-05,-0.100964191530112,0.245993323534248,-4.02142217501241,"Down"
"hsa-miR-218-2*",1.21961902015314e-09,-0.109805590952542,0.177021038320839,-6.07764300311043,"Down"
"hsa-miR-24",1.84161276454541e-06,0.339035677311972,0.696395896233146,4.77007069401335,"Up"
"hsa-miR-628-5p",4.68673258854257e-07,-0.093182491503238,0.181196721038618,-5.03871275011684,"Down"
"hsa-miR-218-2*",1.51115407722149e-10,-0.115944156798749,0.177384861612388,-6.40424487710279,"Down"
"hsa-miR-708*",6.37807662071163e-08,0.0751809927715531,0.136212793077521,5.40786416563293,"Up"
"hsa-miR-940",5.28687205221487e-08,-0.379311328662272,0.683002339281745,-5.44138229369328,"Down"
"hsa-miR-32*",7.95345130484648e-05,-0.282324124612934,0.701049549403506,-3.94579839880381,"Down"
"hsa-miR-628-5p",1.41901570631518e-07,-0.0949762894722451,0.176822073986514,-5.26276932794294,"Down"
"hsa-miR-4291",1.36521147961861e-07,0.293123399003735,0.544987177099084,5.26986901270779,"Up"
"hsa-miR-513b",7.03761733589919e-05,0.428687044825389,1.05666592729581,3.97501042491687,"Up"
"hsa-miR-27a",8.67803873964565e-06,0.383375776627977,0.844542200012877,4.44773526991284,"Up"
"hsa-miR-3170",5.45197192075902e-06,-0.139155024268646,0.299880241204643,-4.54659904545274,"Down"
"hsa-miR-141*",8.11757527943382e-06,0.238273459761569,0.523209895921952,4.46205930134384,"Up"
"hsa-miR-200b",4.75225583700996e-05,-0.527637784975222,1.27099889823219,-4.06748847382724,"Down"
"hsa-miR-16-2*",4.61253221586404e-07,0.239121446245302,0.464698630267278,5.04176678567319,"Up"
